Kode;Navn
0853;3PLUSCOCO
0958;3S ALUTRAILERS
2430;A.P.E.L
0250;ABBEY
0549;ABI ACE
0335;ABS TRENCHLESS
0977;ABT
0976;ABT E-LINE GMBH
0476;AC MIDI
1219;ACBUS
7850;ACCESS
0940;ACE
0001;ACI RIESWEILER
0050;ACURA
7060;AD BOIVIN
6990;AD.EL
2770;ADI-TEK
0277;ADIVA
0823;ADLY MOTO
0320;ADRIA
9070;AEBI
1040;AEC
7010;AEON
0118;AEON MOTOR
8110;AERO
2950;AGADOS
8167;AGIRRA
0302;AGM
2330;AGROMET
0769;AGT
0691;AHRENS-FOX
7580;AIE
0178;AIMA
0054;AIRSTREAM
0154;AIRTRAILER
6820;AIXAM
7040;AJS
0145;AK FAHRZEUGE
1135;AKSOYLY
0059;AKTIEBOLAGET GEO-PLAST
1080;AKTIV
0242;ALF
1100;ALFA ROMEO
1930;ALFE S.L.
0677;ALKORO
9020;ALLGAIER
9040;ALLIS-CHALMERS
0259;ALPINA
0583;ALPINE
0150;ALPUS
0473;ALTAS
0174;ALTECH
0424;ALUTRAILER
0995;ALVA
1008;ALVIS
0155;AM GENERAL
0181;AM TRAILER
0083;AMATØR BIL
0084;AMATØR MC
4752;AMC
2160;AMECO
0251;AMERICAN IRONHORSE
4750;AMERICAN MOTORS
4751;AMERICAN MOTORS
1139;AMERIDAC
0897;AMGROUP BIKE
7620;AMS
1125;AMT TRAILER
0536;ANAIG
1115;ANSSEMS
8600;ANTONIO CARRARO
0815;ANWA
0973;APEX MOTOR CORP
0444;APLAN
8157;APOLLO
0338;APPLESTONE
6520;APRILIA
0514;ARCAS TRAILER
1162;ARCO
7150;ARCTIC CAT
0709;ARCTIC TRUCKS
1031;ARGO
7140;ARIEL
2130;ARKA R. SIMENSEN A/S
1294;ARNPRO
3280;ARO
0664;ARORA
8405;ARROW
0697;ARSLAN
3360;ASQUITH
1170;ASTON MARTIN
4290;ASTON MARTIN LAGONDA
0120;ASTRAL
7020;ATALA
1053;ATEC
2131;ATKA R. SIMENSEN A/S
2590;ATLAS
0313;ATLE HAVIG
0891;ATOMIC
0454;AUBURN
1230;AUDI
0278;AURORA
0933;AURORA POWERTRAINS
8154;AUSA
1250;AUSTIN
2202;AUTO UNION
0304;AUTO-TECH
1300;AUTOBIANCHI
0989;AUTOJARUS HIDRAULIKA UAB
0115;AUTOKAROSS I FLOBY AB
0360;AUTOMOBILFABRIKKEN
0411;AUTOMOBILI LAMBORGHINI S.P.A.
4080;AUTOSTAR
0135;AUTOZAZ
0735;AUWÄRTER
1340;AVELING BARFORD
0678;AVENTO
0159;AVONDALE
0576;AWARD
7160;AWO
0708;AYALA
0972;AYATS
1129;AZURE DYNAMICS
0390;B. GJELLUM
2090;B.S.G. COMBI
0613;BAASTRUP
0453;BAGELA
1058;BAILEY
6540;BAJAJ
8475;BAKUS
3180;BALA AGRI
0666;BALBI
7930;BANHE
1029;BANTAM
1039;BANTAM
7360;BAOTIAN
1226;BAOYA
1128;BARBOT
7672;BARISTA
1380;BARKAS
7260;BAROSSA
1163;BARTHAU
1000;BARTON HOVER
8050;BASHAN
0196;BASIC
0069;BASOGLU
0707;BATECK TRAILERS
0506;BATESON
0018;BATESON TRAILERS
9050;BAUTZ
0040;BAVARIACAMP
0814;BC-LDS
0321;BECK
1430;BEDFORD
9140;BELARUS
1267;BELGARDA
8551;BELGARDA
1166;BELL
0260;BELLA
6780;BELLIER
0960;BEMAS
2640;BENALU
1085;BENDA
6750;BENELLI
0348;BENIMAR
1350;BENTLEY
7895;BENZHOU
0828;BERCO
0325;BERGER
0380;BERGET
1200;BERGLY
1089;BERGMANN
6340;BERIX
0975;BESCO TRAILER
6930;BETA
0648;BETANET
0232;BEYERLAND
8310;BEYOND
0109;BH
0328;BIG BEAR CHOPPER
0205;BIG DOG
3130;BIGAB
1287;BIILMANN
0513;BIL OG HENGERSERVICE
0246;BILCON
6480;BIMOTA
0669;BINGHAM TRAILERS LIMITED
7926;BINQI
1252;BINZ
0566;BIOD
0200;BIRKELAND
2760;BITI
0447;BITTER
1840;BJONE
0910;BJØLSETH
2720;BK-HENGEREN
8190;BLACKN ROLL
0272;BLOMENRØHR
3170;BLOMERT
0881;BLUCAMP
0066;BLUE LINE TRAILERS
0400;BLUEBIRD
1067;BLYSS
1460;BMC
0609;BMF
1400;BMW
0096;BMW I
0245;BOBCAT
0095;BODEX
0874;BODO
9080;BOLINDER MUNKTELL
9081;BOLINDER MUNKTELL
0440;BOLNES
1470;BOMBARDIER
0257;BOND
0303;BONUMTECH
6600;BOOM TRIKES
0671;BORCO-HOEHNS
1450;BORGWARD
1075;BORO
0165;BOSS HOSS
0239;BOURGET
0600;BR. MOI
0520;BR. OLSENS VOGNFABRIKK
2230;BRANNAN
7323;BRANSON
0386;BRASIER
0462;BRAVIA
1730;BREDØLS
0490;BRENDERUP
3175;BRENDON LTD
0496;BRENTEX-TRAILER
0660;BRIAB
0661;BRIAB
1035;BRIAN JAMES TRAILERS
0943;BRIAN LEGG TRAILERS
0727;BRIDGESTONE
1155;BROSHUIS
7928;BRP
8135;BRUDELI
0741;BRÖDERNA FRANSSON
0984;BRØDRENE OLSENS VOGNFABRIKK
7280;BSA
7925;BTM
9130;BUCHER
0372;BUCKER
1184;BUDDY
6590;BUELL
0283;BUGATTI
1620;BUGGE
1500;BUICK
9090;BUKH
0676;BULLIT
0763;BUNK
8148;BUNKER-TRIKE
0540;BURESLAP
1168;BURG
0848;BURGERS
1660;BURSTNER
0895;BURTECH
0306;BUS-PRESTIGE
0553;BUSCONCEPT
0457;BUSHTEC
1540;BUSSING
1110;BUSTER
8145;BUYANG
1272;BW
0628;BYD
0085;BYGG BIL
0086;BYGG MC
1320;BYGLAND
1570;BYREMO
1003;BZTDIA
3190;BÅLSTA-SLAPET
1004;BÖCKMANN
0634;C3
2070;CABANE
0570;CABBY
2020;CABRO
1550;CADILLAC
6440;CAGIVA
0337;CAJERO
1286;CAKE
1169;CALVERA
0580;CAMP-LET
0510;CAMPTOURIST
7929;CAN-AM
0317;CANNONDALE
4140;CAPRON
3680;CARAVELAIR
0080;CARBODIES
1087;CARETTA
0518;CARLTON
3070;CARNEHL
8710;CARON
1017;CARPIMOTOR
0431;CARRO
2540;CARRY
7894;CARTER
4390;CARTHAGO
6830;CASALINI
9102;CASE
9103;CASE IH
9100;CASE INTERNATIONAL
9101;CASE INTERNATIONAL
3530;CATERHAM
1244;CATERPILLAR
0276;CAV
0640;CAVALIER
0076;CBS REMORQUES
6950;CCM
7932;CECTEK
8165;CEMOTO
7310;CEZETA
8170;CFMOTO
7600;CH RACING
2660;CHALLENGER
0464;CHAMPION
1234;CHANG JIANG
0924;CHAOYA
8471;CHAOYUE
1310;CHATEAU
6970;CHATENET
0802;CHAUSSON
0712;CHECKER
2630;CHEREAU
0922;CHERY
2490;CHESS
1014;CHEVAL LIBERTE
1650;CHEVROLET
3332;CHEVROLET DAEWOO
1114;CHIEFTAIN
0971;CHIHUI
1034;CHRIST
1700;CHRYSLER
5050;CHRYSLER FRANCE
5051;CHRYSLER FRANCE
5300;CHRYSLER UK
5301;CHRYSLER UK
7430;CHUANL
6680;CHUN LAN
0557;CI
0350;CI EUROPA
0190;CI SAVSJØ
0730;CI SPRITE
0731;CI SPRITE
0850;CI WILK
0851;CI WILK
1750;CITROEN
7750;CITY BUG
0871;CITYCOCO
8690;CLAAS
6900;CLASSIC
0224;CLEAN MOTION AB
0724;CLEVELAND
1066;CLUB CAR,LLC
0114;CMS AUTO
1092;CMT CHOJNICE
0266;CN AGRO
1216;CO
0067;CO SLÄPET
1257;COFISA
0650;COLCHESTER
4012;COLT
2870;COMANCHE
1048;COMARTH
0770;COMBI CAMP
0956;COMBISALESWAGON
1790;COMMER
0091;CONCEPT BERGHEIM
0071;CONCEPT TRAILER
4120;CONCORDE
0987;CONDOR
0026;CONSTRUCTAM
0241;CONTEMPORARY CLASSIC
1360;CONWAY
1090;CORSAR
0269;CORTES
0962;CORVUS
0914;COUNTRY
9110;COUNTY
6940;CPI
8162;CRALLE
1175;CRAVEN TASKER
8010;CRESCENT
0206;CRESCI RIMORCHI
0061;CRYO 
1167;CRYOLOR
0012;CS-REISEMOBIL
0487;CSEPEL
8132;CSR
8720;CUB CADET
0236;CUBY
1262;CYMERMAN
7921;CZ
0585;D*SIGN
3430;DAB
3290;DACIA
8180;DADYW
1249;DAEDONG
6980;DAELIM
3330;DAEWOO
1850;DAF
8465;DAFIER
8300;DAIFO
2030;DAIHATSU
1900;DAIMLER
0079;DALAVAGNEN
0151;DALE KANE TRAILERS
0170;DALEN
0492;DALERY
0305;DAMCO
0270;DAMM
1820;DAN TRAILERS
3980;DANGEL
0020;DANSON
0980;DANTRA
7340;DANUVIA
0280;DAPA
2002;DATSUN
9120;DAVID BROWN
0755;DAVIDO
0757;DAVINO
0144;DAX
8131;DB
0796;DBS
0684;DE ANGELIS
0121;DE FORENEDE TRAILERFABRIKKER A/S
2150;DE SOTO
0736;DE TOMASO
0314;DEBON
1211;DELOREAN
3210;DELTA
0604;DEMAG
0203;DEMARKO SPECIAL TRAILERS
0991;DEMMLER
0632;DENNIS EAGLE / VPI
0603;DENNISON
6860;DERBI
0810;DERVO
0870;DETHLEFFS
9160;DEUTZ
9161;DEUTZ-FAHR
6790;DI BLASI
0368;DIAMANT
2190;DIAMOND
0547;DIBO
0279;DIESELLA
2140;DIGUE SARL
1138;DINAPOLIS
0674;DINKEL
7120;DINLI
0675;DINO
8340;DIVINE STAR&MOON
2200;DKW
2201;DKW
1174;DNEPR
0090;DO-WA
2250;DODGE
0776;DOGEBOS
1263;DOLL
0992;DOMANTAS
0141;DOMATAS
8760;DONG FENG
0703;DOOHAN
1143;DOOLEY
1253;DOOSAN
0953;DOPPSTADT
0990;DORMOBILE
0364;DREAMER
1290;DRENGEN
7905;DRESEL MCT
0256;DS
0693;DT
0488;DUB BOX
7440;DUCATI
0607;DUESENBERG
0601;DUTCH TRAILERS
0133;DUTTON
0290;DUUN-SMIA
0574;DØLEN
1198;E CAR
0641;E COOL BY ALPHA MOBIL
1025;E-MAX
7030;E-TON
7906;E.-ATV RACING GMBH
1701;EAGLE
0491;EASYLINE
1099;EBECO
0329;EBLADET
3010;EBRO
0839;EBUSCO
0900;ECCLES
1124;ECIM
1123;ECKART HUMME
0925;ECKART, HUEMME
8149;ECO-FLASH
0104;ECOTRAILER
0229;EDER
0072;EDSEL
1261;EDUARD
0455;EDWARD DAVIES
7902;EFFEDI
0808;EFUN
0044;EGLMOTOR
7890;EGO CYCLE
7900;EGO VEHICLES
0647;EGYEDI
1007;EHEBAUER FAHRZEUGBAU
0394;EIFELLAND
2780;EKERI
1202;EKSJØVAGNEN
8163;ELBIL NORGE
1093;ELBO
2260;ELDDIS
1860;ELDON TRAILER
0979;ELECTRIC MOTION
0909;ELLEBI
3710;ELNAGH
0970;ELSETH
0355;EM TECH
7933;EMAX
8440;EMEISHAN
0167;EML
0428;EMOSS
2300;EMW
0388;ENERGICA
8321;ENFIELD
0701;ENGELBREKT
0093;ENGEN
0434;EPINO
1213;EQUI-TREK
8150;ERATO
2480;ERDE
1176;ERDOGEP
1960;ERIBA
1109;ERIDER
2570;ERKA
8406;ERLA
0663;ERSKINE
0783;ERT
0629;ES-GE
0383;ESCAPADE
0722;ESREF KAROSER
0419;ESTEREL
0134;ESTERER
1186;ESTRIMA
2980;ETEBRA
2320;ETNA (ESM)
0718;ETRICKS
2340;EUCLID
1010;EURA CARAVAN
3990;EURA MOBIL
0281;EURO
1097;EURO LINER
0116;EUROMOTORS
0436;EUROTANK
0486;EUROVAGON
1142;EUROWAGON
0668;EVANS
0191;EVERETT-MORRISON MOTORCARS
7180;EVF
7450;EVINRUDE
0331;EVO
0744;EVOKE
0767;EVOLITE
7110;EVT
0915;EWII
0146;EXCALIBUR
1890;EXELL
0504;EXIMO
0252;EXISS
1001;EZ LOADER
0081;EZNEN
2880;EZS
0137;F.A.G
1105;FA FA ME
7410;FACTORY BIKE
0243;FACTORY FIVE
9200;FAHR
8030;FANTIC
0831;FANTIC MOTOR
2380;FARGO
0401;FARMA
9220;FARMALL
1289;FARMTRAC
0347;FARO
8166;FASPIDER
0523;FAT EWO
0036;FAUN
0872;FAV
1218;FAVORIT
1164;FAYMONVILLE
1223;FBL FAHRZEUGBAU LADEBURG
0699;FEBA
0773;FEBER
2440;FEDERAL
7892;FEILING
0332;FEISHEN
7710;FEIYING
1021;FELDBINDER
1050;FENDT
1197;FENDT CARAVAN
1116;FENIAN
9242;FERGUSON
0027;FERQUI
2400;FERRARI
0042;FERREL
0862;FGM S.R.L.
2450;FIAT
0405;FIAT DUCATO/GLOBE-TRAVELLER
1078;FIBER TRAIL
0068;FIBERLINE SPORTBOOTE
0957;FINKL
6370;FINNCAT
1199;FISKER
0964;FIT-ZEL
1240;FJALLVAGNEN
2460;FJELDHUS BRUK
2370;FK
0288;FLAMINGO TRAILERS
2470;FLEETWOOD
0729;FLEUR DE LYS AUTOMOBILE
3020;FLEX TRAILER
0667;FLIEGL
1148;FLIEGL FAHRZEUGBAU
0300;FLIPPER
0249;FLUID
0352;FLYER
0929;FMG
0738;FMS
0591;FN HERSTAL
1600;FOBO
1680;FOGELSTA
0296;FOLDTRAILER
0458;FOODSTATION SWEDEN
0944;FOODY WHEEL
2500;FORD
2600;FORD
9260;FORD
2601;FORD-CNG-TECHNIK
9280;FORDSON
1276;FOREST RIVER
0312;FORSS
0310;FORSS-PARATOR
0311;FORSS-PARATOR
0215;FORT
0635;FORZAB TRAILER AB
1420;FOSS-EIK
0330;FOSSER
8730;FOTON
0564;FRACHT
7490;FRAM KING
1970;FRANKIA
0046;FRANKLIN
0186;FREEWHEEL
0404;FREIGHTLINER
0829;FRENO-AIR
0717;FRISIAN MOTORS
1047;FROMENT
0340;FRUEHAUF
0581;FSO-WARSZAWA
0926;FTG
0589;FUEL PROOF
0074;FULU
0582;FUNTEAR
0078;FUSO
8476;FUXIN
2690;FWD
7711;FYM
0153;FYM SACHS
0889;FYNCAR
0923;G-518
1009;G. KUHR FAHRZEUG
3580;GALLOPER
8390;GAMAX
0443;GAMO
8120;GARELLI
0806;GARELLI MOTORS
0113;GARIA
6560;GAS GAS
1190;GAUPEN
1081;GAZ
7080;GDF
1011;GENERIC
7730;GENERIC MOTOR
0483;GENESIS
1285;GEORGIE BOY PURSUIT
2840;GEOTEX
0445;GEWE
0376;GFÖLLNER
1062;GG
7510;GGC
0474;GIANT
8450;GIANTCO
0622;GIGANT
7560;GILERA
8138;GINOMOTO
1180;GISEBO
1235;GLA-WEL
2752;GLAS
7050;GLIDER
7350;GLOBAL GENERATION CULT
0766;GLOBE-TRAVELLER
0988;GLOBECAR
0051;GLOBUS
1141;GLOWACZ
3331;GM DAEWOO
2740;GMC
0106;GNIOTPOL
8136;GOES
0108;GOFA
2750;GOGGOMOBIL
2751;GOGGOMOBIL
7936;GOKA
0893;GOLDEN DRAGON
0477;GOLDHOFER
2800;GOLIATH
0149;GOOKAR
0267;GOPO
0832;GOTHA
0341;GOUPIL
1237;GOVECS
0183;GRACE
0194;GRAHAM EDWARDS
1026;GRALLE
0214;GREAT WALL MOTOR COMPANY LIMITED
6500;GRECAV
0053;GRESVIG
0572;GREW
0737;GROVE - MOBILKRAN
2700;GRUAU
0608;GRUNDMEIER
1231;GS MEPPEL
8341;GSMOON
9320;GULDNER
0818;GULERYUZ
0092;GULF STREAM
7924;GUOBEN
0198;GUOWEI
2850;GUTBROD
1640;GYRO
0309;GÖÖK-VAGNAR
1056;H&W
8159;HAILI
8441;HAIZHIMENG
0516;HAKHOL
0421;HAKPOL
1260;HALVORSEN & DAMM
1036;HAMMAR
0928;HANGLER
8468;HANGLONG
0268;HANNIGAN MOTORSPORTS
2890;HANOMAG-HENSCHEL
2900;HANSA
1019;HANWAY
1204;HAPERT
1022;HARBECK
7660;HARLEY-DAVIDSON
0420;HARRYDA
0919;HARTFORD
0754;HAULMARK
1293;HAVERKATE
7330;HCF
0410;HEBE
0182;HEBY-TRAILERN
1065;HECO
0950;HEGGESETH
3260;HEGGLUNDS
0247;HEINEMANN
7680;HEINKEL
1015;HEKU
0934;HENDERSON
1083;HENGSRØD SMIE
1102;HENRA
3000;HENRY J.
0775;HENSIM
6610;HER CHEE
1215;HERBST
8408;HERCULES
6650;HERO
6651;HERO MAJESTIC
0875;HEULIEZ
0876;HEULIEZ BUS
0497;HFR.
8474;HI-BIRD
0201;HIGER
7420;HIGHLAND
0715;HIGHROADER
3050;HILLMAN
3060;HINO
3220;HIPPE HENGER`N
1271;HIRTH
0111;HISUN
7250;HM
0430;HMF
0216;HMK BILCON
0138;HMMWV
0568;HMT FAHRZEUGTECHNIK GMBH
7720;HMW
1020;HOBBY
1195;HOBUR
0646;HOFMANNS KAROSSERI AB
3333;HOLDEN
8490;HOLDER
0248;HOLICAMP
1238;HOLTKAMPER
0131;HOMAR
1870;HOME-CAR
7740;HONDA
7380;HONGYI
7322;HONLEI
1074;HOOPER
3150;HORCH
7760;HOREX
8137;HR
7100;HRD
0545;HSS
8472;HSUN
1690;HT
0538;HT-VERKEN
7130;HTM
7934;HUAJUE
8130;HUASHA
8469;HUATIAN
3250;HUDSON
7896;HUDSON BIKE
0575;HUFFERMANN
0702;HUISKAMP CARROSSERIEFABRIEK
1144;HULCO
3090;HUMBAUR
3300;HUMBER
4030;HUMMER
0936;HUMUS
8590;HURLIMANN
0918;HURRICANE CARGO
6620;HUSABERG
7780;HUSQVARNA
0969;HVM
9000;HYDREMA
0254;HYLANDER
3520;HYMER
6580;HYOSUNG
3390;HYUNDAI
0452;HØGLUND
2410;HØLAND TRAILER
0188;HÛDIG
0749;IBG HYDRO-TECH
0202;IF8
3353;IFA
2620;IFOR WILLIAMS
0558;IGLAND
6770;IGM
0412;IIC
0784;ILES AUTOMOTIVE
1920;ILR
0450;ILSBO
0470;ILSENG
1259;IM-SLAPET
0592;IMP.SPES.KJØRETØY
0819;IMPERIAL
8560;IMT
7922;INCALCU
0034;INDCAR
0614;INDEPENDENCE
3165;INDESPENSION
7840;INDIAN
0112;INDIAN MOTORCYCLE
0939;INDIGO
4330;INFINITI
7860;INO
3080;INTERCONSULT
3380;INTERNATIONAL
9360;INTERNATIONAL HARVESTER
9361;INTERNATIONAL HARVESTER
1044;INTHO
8153;IRBIT MOTORCYCLE PLANT
1209;IRISBUS
0010;IRIZAR
0515;IRONWORKS MOTORCYCLES
0482;ISACHSEN
9170;ISEKI
7880;ISO
0548;ISOLI
0480;ISTRAIL
0481;ISTRAIL
3240;ISUZU
6570;ITALJET
7170;ITALVEL
1232;ITINEO
0022;ITRUNNER
3310;IVECO
0882;IVECO/DIGICROSS
0752;IVECO/IGLOOCAR
0877;IVECOBUS
3230;IZH
0721;JAC
3400;JAGUAR
0014;JAGUAR (JAGUAR CARS LIMITED)
0015;JAGUAR (JAGUAR LAND ROVER LIMITED)
1279;JAGUAR CARS
0017;JAGUAR CARS LIMITED
1278;JAGUAR LAND ROVER
0009;JAGUAR LAND ROVER LIMITED
0714;JALON
3410;JALTA
0927;JAMES
0103;JANS CREACAR
7920;JAWA
2510;JAXAL
1052;JAXIN
8660;JCB
2050;JECOTE
3510;JEEP
7671;JEHM
3500;JENSEN
1023;JET-LOADER
0129;JETTRADE
1480;JF
7935;JFC
7891;JIAJI
8161;JIAJUE
1051;JIALING
8290;JIANSHE
0805;JIAYUAN
0804;JIAYUANG
8461;JINAN
6850;JINCHENG
8160;JINDING
8151;JINLING
7870;JINLUN
8700;JINMA
0414;JINYI MOTOR
0363;JJ-TRAILER
0519;JKS PRODUCTS
1264;JMR TRADING B.V
8144;JMSTAR
0025;JNEN
9380;JOHN DEERE
7910;JOHNSON
3831;JOINT
1079;JOKO
1150;JOMI
7898;JONWAY
7460;JORDAN
1189;JOTHA
3550;JOWETT
0502;JPM
1122;JST
1246;JUNAK
0586;JUNCAR OY
0597;JUNGE FAHRZEUGBAU GMBH
2350;JUNKKARI
0799;JUPITER
0143;JUST ENERGY POWER
0521;JUTUL
1159;JYFA
2930;JYKI
2920;JÆRBO
1111;K-VAGNEN
0750;K.SANDNES TILHENGERFABRIKK
2080;KA-MEK
1410;KABE
0002;KAESSBOHRER
1059;KAFO
1037;KAINUO
3600;KAISER
1131;KALF
0528;KALKHOFF
3620;KALMAR
0016;KAMAG
0594;KAMATO
3196;KANE
0130;KANI
8133;KANUNI
0056;KAPENA
1490;KARASJOK
1095;KARAVAN TRAILERS
4060;KARMANN MOBIL
0904;KAROSSERIEBAU SCHULZ GMBH
3630;KARRIER
7670;KASEA
7231;KASEA MOTORSPORTS
0911;KATMERCILER
3160;KAUPE
2520;KAUTEC
7970;KAWASAKI
0665;KAYO
7907;KAZUMA
7550;KEEWAY
2960;KEL-BERG
1221;KELLFRI
0049;KENROD
7292;KENTOYA
0323;KENWORTH
1112;KERENSO
0136;KERSTNER
0778;KESLA
3420;KEWET
7630;KEWET BUDDY
3450;KIA
0140;KILAFORS
3120;KIMADAN
0682;KINGDAY
7611;KINROAD
8750;KIOTI
0690;KIP
1210;KIPA
0437;KIRCHHOFF ECOTEC GMBH
0500;KJELLMANS'
7540;KL
0845;KLAGIE MASBURG
1121;KLC
0370;KLETT
0649;KLS
0556;KLÖCKNER MOTORRÄDER
1510;KMA
0542;KMZ
1561;KNAPEN
0460;KNAUS
0961;KNOTT-AVONRIDE LIMITED
0101;KOBO-COOP
1117;KOCH
3660;KOCKUM
1055;KOENIGSEGG
1248;KOMATSU
0395;KOMPACT KAMP
0381;KONAG
0211;KONAR
6530;KORADO
3340;KORANDO
0849;KOTSCHENREUTHER
1288;KP-VAGNEN
0217;KRAKER
0685;KRAMER
1108;KRAMER WERKE GMBH
0631;KRAMPE
0287;KRASSORT
7990;KREIDLER
0147;KROMHOUT
1810;KRONE
0706;KRONOS
0316;KSR MOTO
6350;KTM
0366;KUBA
9150;KUBOTA
7904;KUDAKI
0527;KUFER
0811;KUKJE
0812;KUKJEMACHINERY CO., LTD
0240;KURIER
6430;KURIKAN
1258;KYBURZ
2170;KYLLINGEKARRAN
6730;KYMCO
0494;KØGEL
4380;LA STRADA
4070;LADA
5630;LADA-VAZ
1265;LAFINTO
0005;LAG
0838;LAGAB
3940;LAIKA
0128;LAIMU
0139;LAK-T5 GLIDER TRAILER
0587;LAMAR
9570;LAMBORGHINI
7940;LAMBRETTA
3700;LANCIA
0031;LANCIER
4953;LAND ROVER
0441;LANDER
8570;LANDINI
1149;LANGENDORF
9440;LANZ
1024;LARS1
0534;LASALLE
0522;LATRUS
1016;LAUGE JENSEN
0529;LAUMETRIS
6510;LAVERDA
2210;LBP
0598;LE VOYAGEUR
0438;LEA FRANCIS
0075;LECITRAILER
1134;LECSOR
0221;LEGRAS
7901;LEIKE
3730;LELY
0294;LESMAR
3720;LETOURNEAU-WESTINGHOUSE
1157;LEVANTE
0679;LEVC
5481;LEXUS
3740;LEYLAND
0365;LHY
0132;LIANGZI
2810;LIBERTY
0322;LIDER
0208;LIEBHERR
7320;LIFAN
0841;LIFESTYLECAMPER
0733;LIGHT BEE
6760;LIGIER
1277;LIGIER PROFESSIONAL
0374;LIHNELL VAGN AB
0868;LILLEROLF HENGER
0047;LIMETEC
0063;LIN TRAILERS
3750;LINCOLN
0485;LINDA
0696;LINDDANA A/S
1098;LINDE CRYO AB
7914;LINGBEN
7240;LINHAI
1119;LINTEX
0644;LIPE
3760;LISSETT
0023;LIZARD
3800;LLOYD
0231;LMC
1045;LMR
1172;LMR-AZENE
0955;LMX
0088;LOBSTER TRAILERS
1018;LOHAS
0551;LOHR
0448;LOK
2280;LOKARI
7500;LONCIN
8473;LONGBO
7650;LONGCHANG
8146;LONGJIA
0402;LORA
0873;LORRIES
3810;LOTUS
0479;LOVOL
0033;LOYDS
0935;LP KOLDING
0993;LT TRAILER
0339;LTI
0869;LUAZ
0705;LUQI
0965;LUSITANO
0777;LUYUAN
0791;LVNENG
0857;LVTONG
3820;LYNTON
6361;LYNX
3370;LØWER
2120;LØØVESLAPET
1188;M&V
0652;M1 ENGINEERING LIMITED
1071;MAC
3830;MACK
3770;MACO
0389;MACUGA
0728;MADEMOTO
0089;MAFI
3840;MAGIRUS DEUTZ
0102;MAGNEHENGERN
0199;MAGYAR
8740;MAHINDRA
0798;MAICO
0164;MAISONNEUVE
6420;MALAGUTI
8411;MAMMUT
3870;MAN
1740;MANDAL
0253;MANE
0905;MANGOSTEEN
0878;MANITOWOC CRANE GROUP GERMANY GMBH
0863;MANUFACTURE DES TENTES CABANON
3780;MARDON TRAILER
0530;MARINOX
0373;MARMON
3200;MARO
7612;MARSHIN
1192;MARTIN MOTORS
0398;MARTINO
0446;MARTZ
7530;MASAI
3920;MASERATI
0184;MASSEY
9240;MASSEY-FERGUSON
9241;MASSEY-FERGUSON
9500;MASSEY-HARRIS
0493;MASTER TRAILER
0656;MASU
3880;MATADOR
8000;MATCHLESS
1770;MATKAAJA
3890;MATRA
0563;MAUR BILPÅBYGG
0429;MAURER
1950;MAX
0655;MAX TRAILER
0747;MAXUS
3860;MAYBACH
3930;MAZDA
1273;MAZZOTTI
0947;MB BUS PERFECT
0228;MBK
0509;MCCAULEY
8680;MCCORMICK
9362;MCCORMICK INTERNATIONAL
0686;MCD
0847;MCKEE
1245;MCLAREN
4320;MCLOUIS
0212;MCM
0999;ME
1281;MECANOREM
0835;MEELS
6821;MEGA
8139;MEGELLI
7917;MEIDUO
8640;MELEX WSK MIELEC
0822;MENKE-JANZEN
1284;MERCEDES SPRINTER / KEGGER
0525;MERCEDES SPRINTER/BUS FACTORY
3901;MERCEDES-AMG
3900;MERCEDES-BENZ
3950;MERCURY
0157;MERCUS
0508;MEREDITH AND EYRE
0126;MERSEA COMMERCIAL & LEISURE TRAILERS
8020;MESSERSCHMITT
0327;METALTECH
0612;METAWELD
0219;METBOX
8220;METRAKIT
2830;METSJØ
1165;MEUSBURGER
4000;MG
1103;MGB DELIVERY
0406;MGB STARBRIDGE
7931;MH MOTORCYCLES
0295;MI
1266;MIA
3590;MICRO COMPACT CAR
4340;MICRO-VETT
6740;MICROCAR
8152;MIKILON
0416;MILLER
0342;MINAUTO
8455;MINBAN
3690;MINI
0885;MINK CAMPERS
6550;MINSK
4020;MIRAGE
4010;MITSUBISHI
4011;MITSUBISHI
4013;MITSUBISHI FUSO
0930;MJØRUD
3790;MKP
0407;MMD MARVIN MACDAVI DESIGN
1220;MO-PRO
0417;MOBILVETTA
0616;MOBYLETTE
0719;MODEN
0590;MOELVEN
0533;MOETEFINDT
0723;MOHEDA
8040;MONARK
0425;MONDIAL
0633;MONET & GOYON
7913;MONNIER
0883;MONO-TRANSSERVISS
0858;MONTESA
0967;MONTRACON
1030;MONZA
1205;MORELO
4050;MORGAN
0982;MORGAN MOTOR COMPANY LTD.
4100;MORRIS
1096;MOSBLIKK
4150;MOSKWITCH
0559;MOSTARD YVONNE
7190;MOTO
0172;MOTO BELLINI
8070;MOTO GUZZI
0379;MOTO MORINI
0552;MOTO S.P.A.
8090;MOTO SKI
6700;MOTO UNION
7770;MOTO ZETA
7291;MOTO-ROMA
8060;MOTOBECANE
0981;MOTOBI
8463;MOTOGINO
1028;MOTOLUG
7700;MOTORBIKE
6720;MOTORHISPANIA
7270;MOTORTEK
0039;MOTRAC
1720;MOTRAIL
6410;MOTRON
0772;MOWI
3540;MOXY
3030;MR MOBILE
0060;MST
0024;MTDK
7919;MTL
8458;MTR.
8780;MTZ
1212;MUELLER-MITTELTAL
9580;MUIR-HILL
1054;MULDI
0827;MULDOON TRANSPORT SYSTEMS LTD
1101;MULDY
1182;MULLER OLDENBURG
2040;MULLERUP
0748;MULTIHOG
1156;MULTIVA
3960;MULTIVANS
9082;MUNKTELL
0230;MUNSTERLAND
0176;MUOVITYO HILTUNEN
0688;MUSTAD
0210;MUSTANG
0855;MUSTANG-STRONG
0695;MUSTANG-TRAILERS
1130;MUULI
8081;MUZ
0792;MV
6840;MV AGUSTA
0511;MW-SLEPET
0367;MYLANE B.V.
0861;MYRON MIXON SMOKER
8080;MZ
1171;MØSLEIN
4240;N.M.V.
1185;NANFANG
1560;NARKO
4200;NASH
0422;NAUTILUS
1580;NAVTEK
0833;NAVYA
0097;NC-ENGINEERING
4210;NECKAR
0751;NEMETH
4220;NENE VALLEY
0577;NEOPLAN
1106;NEPTUN
0195;NEUENHAUSER MASCHINENBAU
8630;NEW HOLLAND
8430;NFM
0543;NGM
1077;NICOLAS
8164;NICOM
0941;NIDAROS
3521;NIESMANN BISCHOFF
0461;NIEWADOW
2710;NIEWIADOW
3970;NILSSON
8100;NIMBUS
2000;NISSAN
2001;NISSAN
0917;NISSAN - VOLTIA
0465;NIU
1042;NK BIKE
4260;NOBAS
0651;NOBLE
0307;NOC AGRO
2100;NOKKA
1207;NONNENMACHER
0459;NOOMA
1194;NOOTEBOOM TRAILERS B.V.
0142;NOPA
1146;NOR SLEP
0041;NORDIC TANK
1283;NORDIC TRAILER
0550;NORDLAND
6360;NORDTRAC
0824;NORFRIG
0505;NORGESHENGERN
7820;NORSJØ
4270;NORSK CARAVAN INDUSTRI
0630;NORSK FLYINDUSTRI
0463;NORTH GRADE
8140;NORTON
0761;NOUN ELECTRIC
0639;NOVA MOTORS
7210;NPO SATURN
4250;NSU
1530;NTM
9540;NUFFIELD
0233;NUGENT
0384;NV
4280;NØDING VERKSTEDER
0898;O.ME.P.S
0946;OBAS
0546;OBE AGRI
0333;OBERAIGNER AUTOMOTIVE GMBH
1181;OBERMAIER
8230;OCKELBO
7899;ODES
0866;OHIO
0107;OHLMEIER
0562;OHNA
0560;OHNA MAUR
0561;OHNA MAUR
1268;OKAI
0912;OKT TRAILER
4300;OLDSMOBILE
0100;OLE R. AASEN
9560;OLIVER
0610;OLRICH
0983;OLSENS VOGNFABRIKK
8412;OLYMPIC
0985;OMAC
0687;OMAVALMISTE
1177;OMSP MACOLA
0618;OP HØGLUNDS
0834;OPAI
4350;OPEL
0099;OPIO
7938;ORION
0620;ORKEL
0621;ORKEL FOLDTRAILER
4310;ORY
8210;OUTBOARD MARINE
0351;OVER
0353;OVERLAND
1254;OVOX
4370;OWEREN
7911;OXYGEN
0921;OZMEN DAMPER
6890;P.G.O.
0931;PACE
4400;PACKARD
2310;PACTON
8181;PAGSTA
0382;PALFINGER PLATFORMS GMBH
3125;PALMS
0082;PALMSE METALL
0319;PALOMINO
8407;PAN
4450;PANHARD
8200;PANNONIA
0117;PANTHER
7980;PAOLETTI RACING
0207;PARAGAN
0782;PARALLEL DESIGNS
0700;PARATOR
0916;PARCISA
0742;PASIZGATAVOTA
0745;PATIKIMA LINIJA
0704;PAV
0711;PAVELLI
0377;PAXSTER
0179;PC
0867;PC INVEST
2240;PE-TRA
8453;PEACE SPORTS
0887;PEAK TRAILER
1160;PEDERSBORG
0298;PEGA
7810;PELPI INTERNATIONAL
1091;PETERBILT
1330;PETMAS-WECKMANIN
4500;PEUGEOT
0617;PF TRAILERS
1073;PG-BIKES
0423;PHOENIX
0308;PHV
8522;PIAGGIO
8520;PIAGGIO VESPA
8521;PIAGGIO VESPA
0605;PIERCE ARROW
1208;PILATO S.P.A
1247;PILKA
3850;PILOTE
8459;PIONEER
1912;PIRILA
3460;PIVCO
0413;PLA
0768;PLATAL MOBILSYSTEME GMBH
0713;PLS
4550;PLYMOUTH
4600;POBEDA
0258;POESSL
0780;POLAR
8240;POLAR METAL PLAST
8250;POLARIS
0945;POLESTAR
0220;POLETTA
4610;POLONEZ
4620;POLSKI FIAT
0658;POLYNORM
1013;PONGRATZ
4650;PONTIAC
4700;PORSCHE
1127;PORTEQUIP LTD.
0659;POWERSTEEL OÜ
2360;POZNANSKA
4720;PRAGA
1173;PREDATOR
1710;PREDOM
0670;PRESTBY
1057;PRIMBOX SP.ZO.O
1590;PRIMOPLEX
4730;PRINCE (PMC)
4760;PRINCESS
0826;PROFFY.COM
0495;PRONAR
0187;PRÆSTBRO
8260;PUCH
0285;PUR SANG
1012;PURE MOBILITY
1064;PØSSL
7590;QINGQI
7960;QUADDY
0526;QUADRO
0774;QUADRO VEHICLES
3640;QUATTRO
1082;R.H.C.
1282;R.M. TRAILERS
4740;RA-GLA
1120;RACLET
0998;RADICAL
0213;RAGNAR VALSSON
8270;RAJD
0439;RALEIGH
0177;RAM
4753;RAMBLER
8466;RAMZEY
2060;RANDERS
4952;RANGE ROVER
4790;RAPID
2220;RAPIDO
8280;RAUFOSSMOPEDEN
1990;RC
0807;READING STANDARD
0694;REBEL
0578;RED RIVER
0238;REDNECK ENGINEERING
0371;REDWOOD GLOBAL LTD
0726;REFORM
1191;REGAL
0906;REGAL RAPTOR
1196;REGARD
1147;REGGIANA RIMORCHI
2560;REKO TRAILER
1133;RELIANT
0595;REMOLCASECA
0937;REMOLQUES BONILLA
4800;RENAULT
4110;RENAULT SAMSUNG
0787;RENAULT/VP
1193;RENDERS
4840;REO
0468;REPLIKA KJØRETØY
3110;RESPO
7390;REVA
3610;REWACO
0185;REX
0512;REYNOLDS BOUGHTON LTD
0894;RHC
8464;RHON
1041;RICHARD WESTERN
0662;RICHARDSON
0349;RICKMAN
6920;RIEJU
0817;RIESE & MÜLLER
0391;RIGA
4850;RILEY
0418;RIMOR
0615;RIONED
7915;RIYA
9590;ROADLESS
0275;ROADMASTER
4860;ROBUR
0573;ROBUS
0739;ROCCA
0122;ROELOFSEN
0949;ROEWE
0345;ROHR
0158;ROJO
0743;ROKA-WERK GMBH
0456;ROLFO
0124;ROLLER TEAM
4900;ROLLS-ROYCE
0378;ROM B.V.
0537;ROMER
8457;ROMET MOTORS
2010;RONIDAN
0892;ROODER
1161;ROSENBAUER
0625;ROSSKNECHT
3650;ROTEC
4950;ROVER
4951;ROVER
7908;ROXON
0654;ROYAL ALLOY
8320;ROYAL ENFIELD
0638;RPS
0393;RUF
0358;RUKU
0554;RUMI
7893;RUNUNION
8350;RUSCH
0222;RUSSO-BALT
0994;RYBI?SKA TRAILER
0680;RYDHS
1061;RYDWAN
1370;RYSKY
8409;S
5000;SAAB
5001;SAAB
8413;SACHS
0297;SAFARI
1094;SAHLINS SWEDEN
0265;SAILBOAT DELIVERIES LTD
0264;SAILBOAT TRAILERS
0789;SAKURA
1239;SAM
9620;SAME
1069;SAMI
6690;SAN YANG
0565;SAN-CAR
8331;SANBEN
1187;SAND TRAILERS
0052;SAND TRAILERS - KORRIGERT
2290;SANDNES GJERDESERVICE
0110;SANDNÆS MASK.FABR. A/S
7370;SANILI
0859;SANKEY
4040;SANTANA
2730;SARIS
0532;SATELLITE
0362;SATURN
1830;SAVSJØ
0842;SAWIKO
0626;SAXAS NUTZFAHRZEUGE WERDAU AG
1063;SAXON
7220;SAXONETTE
1224;SAXXS
0055;SBARRO
1242;SBS TRAILERS
5040;SCANIA
0125;SCANVOGN
8650;SCHANZLIN
9600;SCHILTER
0535;SCHMIDT-FAHRZEUGBAU
3140;SCHMITZ CARGOBULL
0466;SCHRADER
3320;SCHULZ
0284;SCHURING
0073;SCHWARZMÜLLER
1280;SCHWEIKERT
0387;SCHWERINER
4710;SCHØYEN KAROSSERI
7570;SCORPA
1158;SCOTT
0227;SCREEN-LED
0759;SDC TRAILERS LTD
0119;SDV CO. LTD (MEV)
1088;SEA.
7470;SEAC
0611;SEAN NUGENT ENGINEERING LTD
5090;SEAT
6810;SECMA
0160;SEESTERN
8155;SEEYES
0168;SEICO
1241;SELANDIA
0426;SELECTIVE TRAILERS
0471;SELVBYGG
0986;SEMAT
0843;SENKE
2270;SERIEMONTASJE A/S
3270;SETRA
0896;SEYIT USTA
0098;SF-MOTOR
1228;SFM
0478;SHADOW TRAILERS
0793;SHANSU
6960;SHE LUNG
0899;SHELBY
7912;SHENGQIBAO
8158;SHENKE
7480;SHERCO
9630;SHIBAURA
7950;SHINERAY
6800;SIAMOTO
0169;SIDECAR
1046;SIGMA DYNAMOMETER
0837;SIGMA PROJECT
0449;SIGMA-TRAILER
5070;SIMA
5052;SIMCA
6640;SIMPA JDM
6470;SIMSON
2351;SIMULTA
5100;SINGER
0161;SIRIUS
6400;SIS
5140;SISU
3081;SITE
0816;SKALA FABRIKK
0710;SKENNINGE-VERKEN
1471;SKI-DOO
0293;SKIBICKI
0180;SKIF
8360;SKIROULE
5150;SKODA
7790;SKY TEAM
7321;SKYGO
8452;SKYLINE
8142;SKYTEAM
0584;SLANE
5210;SLETTEMOEN
0326;SLINGSHOT
0762;SLURRYKAT
0681;SLÄPKÄRRA H ANDERSSON
1118;SM-SLEPET
3910;SMART
0163;SMC
0588;SMV
0720;SMW
1255;SMYTH TRAILERS
0392;SMÅLANDIA
8370;SNO TRIC
5170;SNOW TRACE
4090;SOLARIS
1275;SOLEX
5190;SOLIFER
0854;SOLIS
1274;SOLUS
0354;SOMMER
0048;SOMOTO
8156;SONIK
0028;SONNYS
0794;SOR
0013;SOR IBERICA
0336;SOREL
3145;SORELPOL
0884;SOUTH GA CARGO
0007;SPECIALIZED
0019;SPIER
1183;SPINDELBERGER
0223;SPITZER
1630;SPOCA
0173;SPRINTCAR
0732;SPRITE
1084;SPY RACING
2910;SQUIRE
3440;SSANGYONG
0903;SSANGYONG MOTOR UK
0324;ST BÅTTRAILER
0756;STAFETT
0361;STAL-HENGEREN
5200;STANDARD
7230;STANDARD MOTOR CORPORATION
7937;STANDARD MOTOR CORPORATION
2670;STAR TRAILER
0901;STARK
0619;STAS
0045;STEDELE
0951;STEELMEC WOOTTON
0021;STEINSBERGER
0623;STELLA
0507;STEMA
0801;STERCKEMAN
1236;STEWART
5240;STEYR
0435;STIM
0637;STMAX
0204;STOKOTA
0346;STOPEXIM
5230;STRICK
0844;STROLLWHEEL
0517;STROMER
1233;STRONGA
0740;STRUVER
0888;STS FUN TRAIN
5250;STUDEBAKER
0825;STUTZ
0062;STX
5260;SUBARU
8467;SUKIDA
0301;SUN
1002;SUN LIVING
0567;SUN ROLLER
0166;SUN WAY
5302;SUNBEAM
6660;SUNDIRO
0886;SUNNYTIMES
0469;SUNRA
1390;SUNSEEKER LTD
0683;SUPER SOCO
0193;SUPERFORMANCE
0954;SURRON
8380;SUZUKI
7520;SV
0162;SVECIA
2940;SVEHOLT
0760;SVELA
8404;SVITHUN
7090;SWAP
8462;SWEI
1132;SWIDNIK TRADE
3480;SWIFT
0788;SWIFT GROUP LIMITED
0856;SWM
0070;SYLAND
6710;SYM
1126;SYMSON
0645;SYRENA
0571;SYRIUSZ
1072;SYSTEM TRAILER
2970;SÄVSJÖSLÄPET
0451;SÖRLING- ILSBO
1222;T-AX-O TRAILER
1440;T.M. TRAILER
0531;TA-NO
5390;TABBERT
0035;TADANO
0037;TADANO FAUN
0334;TAIHENG, RELAX RIDE
5410;TALBOT
0846;TALEN
0606;TALSON
2995;TAM
8414;TAMBAR
2820;TAMSALU
0152;TANGJUNOULING
0057;TANKMOBIL
7800;TANTA PAULA
1104;TANTE PAULA
1086;TAOTAO
0942;TARO
6880;TASSO
3490;TATA
5400;TATRA
0029;TAURIGA
0271;TAVEX
0397;TAYLORS TRAILERS
1033;TAZZARI
0596;TE SLEP
3040;TE-HO
1060;TEC
0064;TECHAU
0758;TECHNOIMPIANTI APM SRL
0286;TECNOKAR TRAILERS
0785;TEKAYDINLAR
0094;TEMA
0786;TEMARED
8400;TEMPO
5450;TEMPO BIL
8401;TEMPO MC
8402;TEMPO-LETT
0077;TEMPUS
4410;TEMSA
0105;TERBERG
0602;TEREX
8420;TERMOPED
2390;TERRA
8134;TERRENGEN
0058;TERROT
4360;TESLA
0065;TESLA MOTORS
0952;TESMEC
7897;TEXAS
6870;TGB
0795;TH AUTOMOBILE
0189;THALER
1201;THEAULT
0501;THIEL
3560;THINK
1152;THIRD-ELEMENT-GMBH.
0498;THOMSEN
0920;THOMSON
1027;THULE
0192;THULE RENTAL
2530;TIAB
7923;TIANJIU
0865;TIANYING
0948;TIFFIN
0274;TIJHOF
0968;TIKI
2861;TIKI TILHENGER
2860;TIKI TREILER
0234;TILHENGERNOR AS
1940;TIM
0771;TINBOT
1049;TINTURI
0764;TIRKON
0369;TITAN
2580;TK TRAILERN
7640;TM
0907;TM RACING
6460;TM3
8456;TMS
7909;TNS
0996;TODAY SUNSHINE
0008;TOJO
2990;TOKVAM
0966;TOL
6380;TOMOS
0569;TOMPLAN
1043;TONAR
0813;TONG YANG
0753;TONG YANG MOOLSAN
0356;TONI MAURER
1292;TOR
0030;TOROS
0974;TORROT
0734;TOURNE MOBIL
0579;TOWMASTER
5480;TOYOTA
8451;TP
1145;TPV PRIKOLICE
3352;TRABANT
8510;TRACTORUL
1203;TRAILER ENGINEERING
0175;TRAILER EUROPE
0299;TRAILER TECHNICAL SOLUTIONS
1520;TRAILER-BYGG
1153;TRAILERGRUPPEN
0673;TRAILERS-MOTO
0148;TRAILSTAR
0593;TRAMP TRAIL
1670;TRANESLAPET
6390;TRAPPER
0790;TREDAL
0653;TREK
3570;TRI-STAR
0385;TRIAS
0800;TRIGANO
0011;TRIO-LIFT
0255;TRITON
5500;TRIUMPH
1291;TROMOX
0642;TROXUS
0779;TRS
3670;TRUCKMASTER
8403;TRYGG
0289;TSCHU
0375;TSR
0032;TUDELA
0357;TUFF MAC TRAILERS
6630;TUGGER
0218;TUK TUK FACTORY
0261;TUK TUK FORWARDER
3100;TUME
1107;TUNHOVD MEKANISKE AS
0292;TURBHO
3470;TVR
0432;TWINS
2790;TYLLIS
8770;TYM
1140;TYSSE
0467;TÓTH ÉS FIAI
5560;U.A.Z.
0359;UBERSCOOT
0038;UGBEST
0237;ULTRA CYCELS
1800;UM
1217;UMEGA
0225;UMESLÄP
0503;UNIA
7070;UNILLI
5590;UNIMOG
0746;UNIPLAST SERBIA
0291;UNIQUE MOTORS
8610;UNIVERSAL
1068;UNSINN
0399;UNU
0997;UNVI
6450;URAL
9610;URSUS
7400;UVM
6910;V.O.R. MOTORI
0263;V1 SPORTS
0978;V8 CHOPPER
1780;VA
0599;VAK
5820;VALIANT
9660;VALMET
8620;VALPADANA
8670;VALTRA
9661;VALTRA VALMET
1251;VAN HOOL
0006;VANDAMME
1980;VANG
0244;VANS BARBOT
0803;VARG
1760;VARIANT
0489;VARIANT A/S
1269;VARIO
5600;VAUXHALL
5610;VAZ
0643;VBI
4130;VDL
1070;VEB
5620;VECO
0171;VECTRA
7916;VECTRIX
1610;VEGA VEKT
1005;VEKEN
0797;VELO
8500;VELOCETTE
0282;VELOREX
8460;VELSA
0273;VENI TRAILERS
0963;VERDONK
0902;VERVEMOTO
8523;VESPA
3185;VEST-TRAIL
0781;VETTER
1136;VEZEKO
0698;VF
0692;VG TRAILER
0442;VGA
0864;VI-TO
0127;VIARELLI
8540;VICTORIA
7927;VICTORY
0544;VIDFARE
0879;VINBERGASLÄPET
0343;VIPER
0765;VIVERRA
0541;VLEMMIX
0003;VM MEYER
1137;VM TARM
0209;VM TRAILER
0627;VMOTO-SOCO
0004;VOCA
0880;VOCATOUR
0716;VOCH
0938;VOGE
5700;VOLGA
5750;VOLKSWAGEN
5800;VOLVO
5801;VOLVO BM
8480;VOLVO BM VALMET
7918;VONROAD
0409;VOSHOD
0156;VRETEN
0318;VS-MONT
1911;VUORI
0484;VÄRMLANDSVAGNEN
0836;VÄSSLA
6670;WAAIJENBERG
0672;WAGS MOTORCYCLE TRAILERS
0959;WALDUNG AB
5850;WANDERER
8330;WANGYE
1229;WARENDORFER
3350;WARTBURG
3351;WARTBURG
0689;WARWICK TRAILERS
5900;WARZAWA
5870;WATERBIRD
0524;WATERKRACHT
1225;WEBASTO HUNGARIA
0913;WECARE
0821;WECKMAN
0820;WECKMANIN KON OY
0427;WEEKEND
0624;WEIJER
0344;WEIMER
1113;WEINSBERG
2110;WEIPPERT
0262;WERNER GMBH
8415;WESTBY
0403;WESTERN
3195;WESTERN FABRICATION
5920;WESTFALIA
1076;WESTFIELD
5930;WHITE
0830;WIDERØE
0657;WIDPOL
1151;WIELTON
0197;WIESMANN
2610;WILCO
0396;WILHELM SAURE
0852;WILK
0840;WILLERBY
0123;WILLIG
5950;WILLYS
0226;WILSON
0472;WINGAMM
1206;WIOLA
1227;WITTEVEEN
1032;WM MEYER
0433;WNP-SUSKI
0539;WOKADER
6000;WOLSELEY
8470;WONJAN
0475;WOODFORD TRAILERS
0087;WORMANN
1038;WT-METALL
0860;WUCO
1154;WURZ
7825;XINGYUE
7830;XINLING
1243;XINRI
7610;XINTIAN
1178;XINYANG
8141;XMOTOS
8147;XUFENG
0043;XWAY
1006;XX-TRAIL
1179;XY
0408;YABO
6040;YALE
8550;YAMAHA
8454;YAMASAKI
8530;YANMAR
6060;YC
7690;YIYING
8479;YJ
0555;YONGHENG
1214;YONGQIANG VEHICLES
6070;YORK
0908;YTO
0499;YTTEROCKE
6490;YUHU
0932;YUTONG
0809;ZAP
0235;ZASLAW
5420;ZASTAVA
7294;ZEALZUN
1256;ZERO MOTORCYCLES
2420;ZESAM
0725;ZETHS
9720;ZETOR
8478;ZHEJIANG
8143;ZHENHUA
7300;ZHONGYU
6100;ZIM
0415;ZIMMER
7293;ZIP STAR
0315;ZIPP
7903;ZNEN
0636;ZNYHUG
7290;ZONGSHEN
2180;ZORZI
8580;ZUNDAPP
1270;ÅTM
8410;ØGLAND DBS
0890;ØVERAASEN
0000;ANDRE
